City_ID,City,Country,Lat,Lng,Max Temp,Humidity,Cloudiness,Wind Speed,Current Description
0,Santa Cruz,BO,-17.8,-63.1667,78.26,78,75,6.91,broken clouds
1,Gradignan,FR,44.7726,-0.6139,48.18,90,75,1.01,broken clouds
2,Bredasdorp,ZA,-34.5322,20.0403,59.29,94,100,10.0,moderate rain
3,Albany,US,42.6001,-73.9662,38.8,59,100,6.13,overcast clouds
4,Bluff,NZ,-46.6,168.3333,55.8,54,13,19.22,few clouds
5,Vestmannaeyjar,IS,63.4427,-20.2734,43.47,69,62,22.97,broken clouds
6,Mataura,NZ,-46.1927,168.8643,55.47,44,87,7.25,overcast clouds
7,Kautokeino,NO,69.0125,23.0412,-24.54,100,98,4.38,overcast clouds
8,Senador Pompeu,BR,-5.5881,-39.3717,82.04,65,23,9.13,few clouds
9,Majene,ID,-3.5403,118.9707,80.91,82,100,8.39,very heavy rain
10,Yurimaguas,PE,-5.9,-76.0833,80.76,89,40,3.44,heavy intensity rain
11,Atuona,PF,-9.8,-139.0333,78.84,74,8,18.32,clear sky
12,Puerto Ayora,EC,-0.7393,-90.3518,68.22,88,12,9.1,few clouds
13,Busselton,AU,-33.65,115.3333,62.1,58,90,16.53,overcast clouds
14,Kapaa,US,22.0752,-159.319,79.12,68,40,5.01,light rain
15,Dikson,RU,73.5069,80.5464,-6.56,96,100,9.71,overcast clouds
16,Lorengau,PG,-2.0226,147.2712,86.47,72,97,17.34,moderate rain
17,Qasigiannguit,GL,68.8193,-51.1922,28.65,63,100,17.9,overcast clouds
18,Victoria,HK,22.2855,114.1577,64.33,53,89,1.01,overcast clouds
19,Punta Arenas,CL,-53.15,-70.9167,51.91,46,75,16.11,broken clouds
20,Sao Filipe,CV,14.8961,-24.4956,75.29,74,14,10.56,few clouds
21,Nikologory,RU,56.1413,41.9922,20.57,90,100,6.04,overcast clouds
22,Liwale,TZ,-9.7667,37.9333,69.91,98,95,1.25,overcast clouds
23,Rikitea,PF,-23.1203,-134.9692,76.78,72,100,6.42,overcast clouds
24,Hualmay,PE,-11.0964,-77.6139,66.78,84,100,10.4,overcast clouds
25,Qaqortoq,GL,60.7167,-46.0333,25.3,78,27,10.92,scattered clouds
26,Hermanus,ZA,-34.4187,19.2345,60.91,94,100,9.35,light rain
27,Qaanaaq,GL,77.484,-69.3632,20.5,85,100,5.82,overcast clouds
28,Port Alfred,ZA,-33.5906,26.891,67.95,94,77,12.73,broken clouds
29,Kavieng,PG,-2.5744,150.7967,83.5,75,86,7.25,light rain
30,Goderich,CA,43.7501,-81.7165,33.21,86,100,21.85,snow
31,Lata,PT,40.1629,-8.3327,52.81,95,26,0.94,scattered clouds
32,Hilo,US,19.7297,-155.09,73.13,96,90,6.91,mist
33,Port Hardy,CA,50.6996,-127.4199,37.4,86,90,5.75,overcast clouds
34,Arraial Do Cabo,BR,-22.9661,-42.0278,74.37,87,81,20.67,broken clouds
35,Saskylakh,RU,71.9167,114.0833,-34.22,99,92,4.76,overcast clouds
36,Torbay,CA,47.6666,-52.7314,32.88,91,90,11.5,light shower snow
37,Ushuaia,AR,-54.8,-68.3,46.06,61,75,27.63,broken clouds
38,Jamestown,US,42.097,-79.2353,45.99,51,100,11.99,overcast clouds
39,Chuy,UY,-33.6971,-53.4616,63.88,88,100,6.31,overcast clouds
40,Butaritari,KI,3.0707,172.7902,80.98,81,94,12.75,moderate rain
41,Puerto Del Rosario,ES,28.5004,-13.8627,65.95,72,63,21.85,broken clouds
42,Nikolskoye,RU,59.7035,30.7861,-2.6,97,6,4.59,clear sky
43,Roebourne,AU,-20.7833,117.1333,99.45,17,23,16.42,few clouds
44,Geraldton,AU,-28.7667,114.6,81.12,34,0,18.41,clear sky
45,Rafaela,AR,-31.2503,-61.4867,75.0,64,0,8.08,clear sky
46,Kaitangata,NZ,-46.2817,169.8464,53.92,58,71,8.61,broken clouds
47,Yellowknife,CA,62.456,-114.3525,-19.59,82,1,4.61,clear sky
48,Bengkulu,ID,-3.8004,102.2655,78.15,84,100,7.16,overcast clouds
49,Fortuna,US,40.5982,-124.1573,53.42,73,90,1.01,overcast clouds
50,Port Elizabeth,ZA,-33.918,25.5701,64.09,100,40,12.66,light rain
51,Bathsheba,BB,13.2167,-59.5167,81.21,74,75,21.85,broken clouds
52,Kualakapuas,ID,-3.0091,114.3876,77.16,92,100,2.01,overcast clouds
53,Guerrero Negro,MX,27.9769,-114.0611,63.39,82,0,14.56,clear sky
54,Cabo San Lucas,MX,22.8909,-109.9124,78.51,62,99,5.48,overcast clouds
55,Castro,BR,-24.7911,-50.0119,63.09,88,96,2.13,overcast clouds
56,Sao Joao Da Barra,BR,-21.6403,-41.0511,75.2,87,90,14.72,overcast clouds
57,Nieves,PH,15.3274,120.9485,77.94,65,79,2.51,broken clouds
58,Lanigan,CA,51.8501,-105.0344,-3.71,91,57,9.91,broken clouds
59,Penzance,GB,50.1186,-5.5371,46.76,66,100,9.93,overcast clouds
60,Kedrovyy,RU,56.1667,91.8167,30.61,86,97,11.3,overcast clouds
61,Kulhudhuffushi,MV,6.6221,73.07,81.57,75,18,8.03,few clouds
62,Kahului,US,20.8947,-156.47,74.84,89,90,8.05,moderate rain
63,Walvis Bay,NA,-22.9575,14.5053,58.15,82,0,2.3,clear sky
64,Witu,KE,-2.3889,40.4382,80.76,87,63,5.44,light rain
65,Huarmey,PE,-10.0681,-78.1522,66.54,87,100,9.24,overcast clouds
66,Vestmanna,FO,62.1564,-7.1664,36.52,70,90,13.8,overcast clouds
67,Georgetown,MY,5.4112,100.3354,78.89,81,20,1.99,few clouds
68,Trelew,AR,-43.249,-65.3051,65.16,54,3,13.13,clear sky
69,Emerald,AU,-23.5333,148.1667,82.35,65,90,10.36,overcast clouds
70,Lodja,CD,-3.4833,23.4333,69.6,97,100,1.21,overcast clouds
71,Nouadhibou,MR,20.931,-17.0347,66.18,55,66,11.5,dust
72,Dhone,IN,15.4167,77.8833,71.4,71,60,3.89,broken clouds
73,Cape Town,ZA,-33.9258,18.4232,61.21,88,75,16.11,light intensity drizzle
74,Port Macquarie,AU,-31.4333,152.9167,72.9,66,68,6.71,broken clouds
75,Lumphat,KH,13.4878,106.9816,72.18,71,17,4.27,few clouds
76,Peniche,PT,39.3558,-9.3811,54.28,73,18,16.71,few clouds
77,Sorland,NO,67.667,12.6934,26.56,63,6,10.98,clear sky
78,Zhezkazgan,KZ,47.8043,67.7144,31.26,95,100,7.07,overcast clouds
79,Palana,RU,59.1167,159.9667,19.53,90,100,28.23,light snow
80,Cherskiy,RU,68.75,161.3,-35.03,96,100,2.68,overcast clouds
81,Bethel,US,41.3712,-73.414,44.55,60,90,0.0,overcast clouds
82,Lebu,CL,-37.6167,-73.65,56.82,85,0,12.97,clear sky
83,Katangli,RU,51.7102,143.2326,28.45,79,32,10.98,scattered clouds
84,Vaini,TO,-21.2,-175.2,84.36,84,20,12.66,few clouds
85,Dauphin,CA,51.1494,-100.0502,-0.26,71,1,16.11,clear sky
86,Pevek,RU,69.7008,170.3133,-9.4,96,100,16.8,light snow
87,Olafsvik,IS,64.8945,-23.7142,41.81,87,100,17.56,moderate rain
88,Angoche,MZ,-16.2325,39.9086,75.54,88,25,6.4,scattered clouds
89,Santa Rosa,PH,14.3122,121.1114,82.09,68,24,9.51,few clouds
90,Ndele,CF,8.4109,20.6473,76.37,29,79,3.49,broken clouds
91,Barrow,US,71.2906,-156.7887,12.22,79,90,17.27,overcast clouds
92,Clyde River,CA,70.4692,-68.5914,10.63,85,100,29.93,light snow
93,Kuusamo,FI,65.9667,29.1833,-0.36,78,90,1.14,light shower snow
94,Provideniya,RU,64.3833,-173.3,28.51,86,90,8.95,snow
95,Norman Wells,CA,65.282,-126.8329,-27.36,62,75,0.0,broken clouds
96,Poum,NC,-20.2333,164.0167,81.09,75,10,11.43,clear sky
97,Velsk,RU,61.0701,42.0983,-2.36,100,98,1.39,overcast clouds
98,Adre,TD,13.4667,22.2,68.76,25,9,14.36,clear sky
99,Sitka,US,57.0531,-135.33,35.49,75,90,4.61,light snow
100,Imbituba,BR,-28.24,-48.6703,70.83,93,100,10.29,overcast clouds
101,Upernavik,GL,72.7868,-56.1549,26.22,79,100,4.79,overcast clouds
102,Carutapera,BR,-1.195,-46.02,78.8,85,22,6.73,few clouds
103,Diamantino,BR,-14.4086,-56.4461,73.99,93,89,1.63,moderate rain
104,Leczna,PL,51.3012,22.8814,32.31,100,90,3.44,mist
105,Sarakhs,IR,36.5449,61.1577,50.83,38,98,13.33,overcast clouds
106,Loyga,RU,61.0784,44.6075,-7.26,100,99,2.46,overcast clouds
107,Santa Maria Da Vitoria,BR,-13.3947,-44.1886,69.42,94,3,1.74,clear sky
108,Culiacan,MX,24.7994,-107.3897,76.68,65,75,5.75,broken clouds
109,Bambous Virieux,MU,-20.3428,57.7575,77.25,78,40,6.91,light rain
110,Krasnoselkup,RU,65.7,82.4667,-34.96,100,39,4.41,scattered clouds
111,Amapa,BR,1.0,-52.0,73.0,99,100,1.81,overcast clouds
112,Port Lincoln,AU,-34.7333,135.8667,67.89,53,100,2.64,overcast clouds
113,Hithadhoo,MV,-0.6,73.0833,81.14,79,100,11.48,overcast clouds
114,Lagoa,PT,39.05,-27.9833,63.1,75,98,11.81,overcast clouds
115,Anadyr,RU,64.75,177.4833,0.48,84,90,35.79,heavy snow
116,Honiara,SB,-9.4333,159.95,82.9,82,100,8.81,overcast clouds
117,Thompson,CA,55.7435,-97.8558,-20.04,76,1,8.05,clear sky
118,Cidreira,BR,-30.1811,-50.2056,69.48,87,72,13.56,broken clouds
119,Caravelas,BR,-17.7125,-39.2481,74.03,89,0,4.9,clear sky
120,Carnarvon,AU,-24.8667,113.6333,77.07,69,0,19.57,clear sky
121,Lesnoy,RU,57.6198,63.0784,19.72,94,100,3.56,overcast clouds
122,Xuddur,SO,4.1213,43.8894,68.67,86,6,10.36,clear sky
123,Amuntai,ID,-2.4177,115.2494,78.48,85,100,4.32,overcast clouds
124,Jutai,BR,-5.1833,-68.9,71.31,99,58,1.39,broken clouds
125,Kenai,US,60.5544,-151.2583,21.15,87,90,5.75,light snow
126,Esperance,AU,-33.8667,121.9,67.84,67,98,12.91,overcast clouds
127,Weilheim,DE,47.8333,11.15,32.25,95,94,3.65,overcast clouds
128,Kodiak,US,57.79,-152.4072,33.31,80,90,12.66,overcast clouds
129,Egvekinot,RU,66.3167,-179.1667,-0.71,81,89,23.76,overcast clouds
130,Tiksi,RU,71.6872,128.8694,-16.67,94,100,7.16,overcast clouds
131,Baglan,AF,36.1307,68.7083,42.06,78,0,0.56,clear sky
132,Ketchikan,US,55.3422,-131.6461,28.87,86,90,0.0,overcast clouds
133,Silly,BE,50.6355,3.9632,38.59,97,90,2.3,mist
134,Suba,PH,10.8438,121.0102,81.23,71,99,23.24,overcast clouds
135,Lazaro Cardenas,MX,17.9583,-102.2,77.97,83,86,4.81,overcast clouds
136,Beringovskiy,RU,63.05,179.3167,7.09,80,100,31.7,overcast clouds
137,Iqaluit,CA,63.7506,-68.5145,10.13,72,90,17.0,light snow
138,Moratuwa,LK,6.773,79.8816,76.73,87,10,3.65,clear sky
139,Saint-Philippe,RE,-21.3585,55.7679,76.55,78,37,11.01,scattered clouds
140,Narsaq,GL,60.9167,-46.05,25.02,75,72,9.08,broken clouds
141,Phan Thiet,VN,10.9333,108.1,75.51,79,83,1.88,broken clouds
142,Suntar,RU,62.1444,117.6319,-26.32,97,18,4.14,few clouds
143,Rocha,UY,-34.4833,-54.3333,59.77,97,29,3.27,scattered clouds
144,Jardim,BR,-21.4803,-56.1381,76.73,62,16,3.47,few clouds
145,Srednekolymsk,RU,67.45,153.6833,-48.23,99,86,4.83,overcast clouds
146,Ikot Ekpene,NG,5.1794,7.7108,76.44,91,100,4.41,overcast clouds
147,Sinnamary,GF,5.3833,-52.95,76.84,89,100,5.66,overcast clouds
148,Avarua,CK,-21.2078,-159.775,80.65,83,40,6.91,light rain
149,Sanmenxia,CN,34.7747,111.1814,42.78,48,5,3.29,clear sky
150,Tuktoyaktuk,CA,69.4541,-133.0374,-16.6,69,1,9.22,clear sky
151,Cayenne,GF,4.9333,-52.3333,78.1,91,0,3.0,clear sky
152,Sao Gabriel Da Cachoeira,BR,-0.1303,-67.0892,73.49,97,96,1.16,overcast clouds
153,Nanortalik,GL,60.1432,-45.2371,26.51,67,100,31.27,light snow
154,Havoysund,NO,70.9963,24.6622,29.28,96,100,33.15,light snow
155,Constitucion,CL,-35.3333,-72.4167,56.82,91,6,6.29,clear sky
156,Fare,PF,-16.7,-151.0167,81.25,72,74,14.74,broken clouds
157,Batemans Bay,AU,-35.7167,150.1833,68.2,63,100,7.27,overcast clouds
158,Mango,US,27.9797,-82.3065,71.94,81,75,0.0,broken clouds
159,Pitimbu,BR,-7.4706,-34.8086,81.19,77,55,15.43,broken clouds
160,Luderitz,NA,-26.6481,15.1594,60.28,85,0,9.37,clear sky
161,Bima,ID,-8.4667,118.7167,77.65,93,100,3.06,overcast clouds
162,Port Hedland,AU,-20.3167,118.5667,105.85,10,35,17.27,scattered clouds
163,Campbell River,CA,50.0163,-125.2446,37.26,79,90,0.0,overcast clouds
164,Pasighat,IN,28.0667,95.3333,65.34,60,100,2.3,overcast clouds
165,Yeppoon,AU,-23.1333,150.7333,82.18,68,63,14.38,broken clouds
166,Chicama,PE,-7.8447,-79.1469,63.14,78,100,6.11,overcast clouds
167,Bilma,NE,18.6853,12.9164,64.09,19,4,7.36,clear sky
168,Luanda,AO,-8.8368,13.2343,76.42,88,100,6.89,moderate rain
169,Cururupu,BR,-1.8283,-44.8683,76.98,90,14,3.58,few clouds
170,Nemuro,JP,43.3236,145.575,37.83,67,2,17.2,clear sky
171,Severo-Kurilsk,RU,50.6789,156.125,32.56,81,98,16.51,light snow
172,Sabang,ID,5.8933,95.3214,81.41,74,77,15.28,broken clouds
173,Jumla,NP,29.2747,82.1838,39.16,91,63,5.68,broken clouds
174,Ribeira Grande,PT,38.5167,-28.7,64.02,72,96,9.13,overcast clouds
175,Rorvik,NO,64.8621,11.2373,19.74,80,0,21.16,clear sky
176,North Myrtle Beach,US,33.816,-78.68,61.11,93,90,3.44,overcast clouds
177,Marawi,PH,7.9986,124.2928,68.65,83,81,4.43,broken clouds
178,Ponta Delgada,PT,37.7333,-25.6667,63.5,59,75,4.61,broken clouds
179,Moanda,GA,-1.5575,13.2178,71.19,98,100,1.41,light rain
180,Ewa Beach,US,21.3156,-158.0072,76.95,75,90,6.91,light rain
181,Suzzara,IT,44.9919,10.7431,40.08,93,99,3.44,overcast clouds
182,Lamu,KE,-2.2717,40.902,80.82,80,99,8.81,light rain
183,Doctor Mora,MX,21.1417,-100.3125,65.34,36,100,6.2,overcast clouds
184,Grand Gaube,MU,-20.0064,57.6608,77.4,73,77,1.99,light rain
185,Muncar,ID,-8.4333,114.3333,77.0,93,100,3.65,moderate rain
186,Naze,JP,28.3667,129.4833,65.32,68,62,15.26,broken clouds
187,Hingoli,IN,19.7167,77.15,64.74,70,4,5.35,clear sky
188,Bongandanga,CD,1.5,21.05,71.26,97,100,2.3,overcast clouds
189,Svetlogorsk,BY,52.6333,29.7333,27.88,95,100,5.64,overcast clouds
190,Gazojak,TM,41.1875,61.4036,37.51,74,100,10.09,overcast clouds
191,Wad Madani,SD,14.4012,33.5199,76.59,29,0,10.36,clear sky
192,Kamaishi,JP,39.2667,141.8833,32.95,66,3,9.13,clear sky
193,Ahipara,NZ,-35.1667,173.1667,75.25,63,92,10.76,overcast clouds
194,Ruangwa,TZ,-10.0667,38.9333,71.17,92,99,2.89,overcast clouds
195,Broken Hill,AU,-31.95,141.4333,78.51,21,65,4.61,broken clouds
196,Foz,ES,43.5692,-7.2544,53.42,91,100,5.97,overcast clouds
197,Biltine,TD,14.5333,20.9167,73.53,22,0,11.88,clear sky
198,Abu Zabad,SD,12.35,29.25,71.08,26,7,14.14,clear sky
199,Sarai,RU,53.7458,41.0213,26.94,75,94,4.07,overcast clouds
200,Khatanga,RU,71.9667,102.5,-17.64,99,100,6.53,overcast clouds
201,Kemijarvi,FI,66.7131,27.4306,-0.27,98,28,3.4,scattered clouds
202,Cedar City,US,37.6775,-113.0619,52.77,24,1,8.05,clear sky
203,Karasjok,NO,69.4719,25.5112,-0.29,95,15,5.84,few clouds
204,Odweyne,SO,9.4092,45.064,60.73,56,18,2.82,few clouds
205,Kargasok,RU,59.0556,80.8572,29.97,97,100,9.08,light snow
206,Covasint,RO,46.2,21.6,42.87,90,100,3.89,overcast clouds
207,Porbandar,IN,21.6422,69.6093,71.58,56,0,10.25,clear sky
208,Kruisfontein,ZA,-34.0033,24.7314,61.88,89,19,16.84,light rain
209,Vila Velha,BR,-20.3297,-40.2925,76.95,88,40,8.01,scattered clouds
210,Kassala,SD,15.451,36.4,73.87,56,0,7.43,clear sky
211,Pacific Grove,US,36.6177,-121.9166,61.61,85,40,1.99,scattered clouds
212,Labuhan,ID,-6.8844,112.2051,80.04,77,100,6.98,moderate rain
213,Nova Soure,BR,-11.2333,-38.4833,73.13,92,40,8.14,scattered clouds
214,Mehriz,IR,31.5917,54.4318,41.5,25,100,5.73,overcast clouds
215,Sisimiut,GL,66.9395,-53.6735,27.0,69,100,35.43,overcast clouds
216,Ust-Karsk,RU,52.7011,118.8077,4.12,92,16,4.14,few clouds
217,Tecoanapa,MX,16.5167,-98.75,79.47,77,0,8.12,clear sky
218,Karratha,AU,-20.7377,116.8463,96.73,20,26,16.51,scattered clouds
219,Talnakh,RU,69.4865,88.3972,-16.8,99,100,13.65,snow
220,Maues,BR,-3.3836,-57.7186,76.53,81,23,2.64,few clouds
221,Eenhana,NA,-17.4667,16.3333,68.63,77,70,9.75,broken clouds
222,Ayame,CI,5.6083,-3.1563,75.79,93,32,1.81,scattered clouds
223,Vila,PT,42.0304,-8.1588,42.33,85,81,2.28,broken clouds
224,Galesong,ID,-5.3166,119.3661,75.22,93,100,5.28,moderate rain
225,Ayna,PE,-12.65,-73.9167,59.56,92,100,1.03,overcast clouds
226,Kuala Terengganu,MY,5.3302,103.1408,75.15,94,20,1.14,few clouds
227,Salalah,OM,17.0151,54.0924,75.29,33,0,11.5,clear sky
228,Samarai,PG,-10.6167,150.6667,84.07,72,100,9.98,overcast clouds
229,Maniitsoq,GL,65.4167,-52.9,27.18,57,100,35.34,overcast clouds
230,Oktyabrskiy,RU,54.4815,53.471,24.82,93,60,3.65,broken clouds
231,Nago,JP,26.5881,127.9761,73.47,68,5,16.22,clear sky
232,Lompoc,US,34.6391,-120.4579,69.94,80,1,10.36,clear sky
233,Tasiilaq,GL,65.6145,-37.6368,29.32,93,100,19.8,snow
234,Flinders,AU,-34.5833,150.8552,73.18,66,100,6.53,overcast clouds
235,Damghan,IR,36.1683,54.348,37.62,50,6,2.42,clear sky
236,Lavrentiya,RU,65.5833,-171.0,29.23,97,100,18.39,snow
237,New Norfolk,AU,-42.7826,147.0587,68.92,51,89,8.34,overcast clouds
238,Havelock,US,34.8791,-76.9013,60.78,86,47,2.59,scattered clouds
239,Ostrovnoy,RU,68.0531,39.5131,10.45,74,88,23.42,overcast clouds
240,Sukumo,JP,32.9333,132.7333,55.87,65,100,2.44,overcast clouds
241,Salamiyah,SY,35.0113,37.0532,49.68,55,0,1.63,clear sky
242,Tawang,IN,27.5833,91.8667,38.86,71,33,4.59,scattered clouds
243,Anloga,GH,5.7947,0.8973,82.62,81,67,11.92,broken clouds
244,Hamilton,US,39.1834,-84.5333,60.19,91,90,1.99,overcast clouds
245,Chanute,US,37.6792,-95.4572,64.51,45,1,11.5,clear sky
246,Rio Gallegos,AR,-51.6226,-69.2181,57.25,33,0,12.66,clear sky
247,Meulaboh,ID,4.1363,96.1285,78.12,81,72,3.56,broken clouds
248,Hasaki,JP,35.7333,140.8333,50.4,60,100,12.21,overcast clouds
249,Mahebourg,MU,-20.4081,57.7,77.29,78,40,6.91,light rain
250,Longyearbyen,SJ,78.2186,15.6401,17.44,73,75,9.22,light snow
251,Mount Gambier,AU,-37.8333,140.7667,75.11,31,27,10.36,scattered clouds
252,Funtua,NG,11.5233,7.3081,66.0,25,87,8.46,overcast clouds
253,Christchurch,NZ,-43.5333,172.6333,54.03,86,90,10.36,light rain
254,Pangnirtung,CA,66.1451,-65.7125,4.64,98,100,6.69,light snow
255,Malanje,AO,-9.5402,16.341,63.3,95,99,2.93,overcast clouds
256,Kirakira,SB,-10.4544,161.9205,80.13,89,95,16.24,overcast clouds
257,Mount Isa,AU,-20.7333,139.5,82.17,51,89,14.97,overcast clouds
258,Waihi Beach,NZ,-37.4,175.9333,77.11,90,87,15.01,overcast clouds
259,Saldanha,ZA,-33.0117,17.9442,60.85,90,100,16.46,overcast clouds
260,Hobart,AU,-42.8794,147.3294,69.26,57,40,4.0,scattered clouds
261,Rocky Mountain House,CA,52.3668,-114.9188,1.83,84,79,1.14,broken clouds
262,San Cristobal,VE,7.7669,-72.225,75.38,82,100,1.79,overcast clouds
263,Dauriya,RU,49.9333,116.8667,9.09,90,10,6.46,clear sky
264,Manokwari,ID,-0.8667,134.0833,84.11,71,86,3.18,overcast clouds
265,Chokurdakh,RU,70.6333,147.9167,-42.57,99,53,6.06,broken clouds
266,Vostochnyy,RU,55.8167,37.8667,27.7,97,100,2.71,overcast clouds
267,College,US,64.8569,-147.8028,11.28,79,90,0.0,overcast clouds
268,Manzanillo,CU,20.3433,-77.1167,78.37,74,100,2.35,overcast clouds
269,Yar-Sale,RU,66.8333,70.8333,-13.54,90,93,15.01,overcast clouds
270,Coquimbo,CL,-29.9533,-71.3436,58.73,82,20,6.91,few clouds
271,Asfi,MA,32.2994,-9.2372,56.8,82,0,18.9,clear sky
272,Port Blair,IN,11.6667,92.75,79.18,69,56,10.87,broken clouds
273,Muroto,JP,33.2833,134.15,50.04,59,100,4.41,overcast clouds
274,Aswan,EG,24.0934,32.907,58.3,44,0,9.22,clear sky
275,Fuyang,CN,32.9,115.8167,49.95,34,0,5.48,clear sky
276,Garowe,SO,8.4054,48.4845,66.61,74,5,8.79,clear sky
277,Veraval,IN,20.9,70.3667,71.96,61,0,11.3,clear sky
278,Kamenka,RU,51.3223,42.7678,27.07,66,100,6.55,overcast clouds
279,Atliaca,MX,17.65,-99.3667,68.43,60,60,1.07,broken clouds
280,Sheboygan,US,43.7333,-87.9334,36.48,94,90,1.99,light rain
281,Hudiksvall,SE,61.729,17.1036,9.36,90,100,5.93,overcast clouds
282,Richards Bay,ZA,-28.783,32.0377,77.23,70,100,14.14,overcast clouds
283,Najran,SA,17.4924,44.1277,52.45,41,0,1.63,clear sky
284,Bogorodskoye,RU,56.55,37.8833,19.09,95,100,6.24,light snow
285,Mednogorsk,RU,51.4128,57.595,25.38,91,100,4.12,overcast clouds
286,Valdivia,CL,-39.8142,-73.2459,73.49,45,0,7.49,clear sky
287,Mastic Beach,US,40.7668,-72.8521,46.98,65,86,1.99,overcast clouds
288,Maumere,ID,-8.6199,122.2111,83.28,71,100,4.54,overcast clouds
289,Tocopilla,CL,-22.092,-70.1979,66.15,67,68,2.51,broken clouds
290,Pokhara,NP,28.2333,83.9833,58.44,44,0,6.44,clear sky
291,Loukhi,RU,66.0764,33.0381,2.1,92,13,5.28,few clouds
292,Moindou,NC,-21.6924,165.677,87.75,57,42,3.24,scattered clouds
293,Vanimo,PG,-2.6741,141.3028,87.76,64,18,4.65,few clouds
294,Venado Tuerto,AR,-33.7456,-61.9688,64.76,72,0,4.68,clear sky
295,Hofn,IS,64.2539,-15.2082,41.94,97,100,28.92,light rain
296,Faya,SA,18.3851,42.4509,53.71,69,0,1.68,clear sky
297,Talara,PE,-4.5772,-81.2719,66.43,88,100,16.02,overcast clouds
298,Biak,ID,-0.9131,122.8766,80.94,77,100,1.7,light rain
299,Bischofswerda,DE,51.1277,14.1797,35.15,95,100,4.65,light rain
300,Abu Samrah,SY,35.3029,37.1841,49.55,54,0,3.06,clear sky
301,Harper,LR,4.375,-7.7169,79.75,82,39,6.89,light rain
302,Atambua,ID,-9.1061,124.8925,81.16,75,99,4.59,overcast clouds
303,Concordia,AR,-31.393,-58.0209,72.79,55,4,10.6,clear sky
304,Leshukonskoye,RU,64.8989,45.7622,4.64,88,19,5.59,few clouds
305,Atar,MR,20.5169,-13.0499,67.41,14,100,7.76,overcast clouds
306,Nyagan,RU,62.1406,65.3936,-14.96,100,95,2.04,overcast clouds
307,Pisco,PE,-13.7,-76.2167,67.01,88,75,16.11,broken clouds
308,Leningradskiy,RU,69.3833,178.4167,-2.27,98,100,19.13,light snow
309,Saint Anthony,US,45.0205,-93.218,35.55,66,90,8.01,overcast clouds
310,Praia Da Vitoria,PT,38.7333,-27.0667,59.76,94,40,4.85,scattered clouds
311,Vikhorevka,RU,56.1201,101.1636,26.19,89,99,11.03,overcast clouds
312,Verkhnyaya Toyma,RU,62.2349,44.9985,4.98,97,27,3.69,scattered clouds
313,Mosquera,CO,4.7059,-74.2302,57.29,67,20,5.75,few clouds
314,Los Llanos De Aridane,ES,28.6585,-17.9182,62.35,63,75,15.01,broken clouds
315,Launceston,AU,-41.45,147.1667,66.61,66,90,7.0,overcast clouds
316,Te Anau,NZ,-45.4167,167.7167,51.51,65,99,5.68,overcast clouds
317,Afonso Bezerra,BR,-5.4983,-36.5056,79.56,72,37,18.34,scattered clouds
318,Harnai,PK,30.1005,67.9374,50.81,22,0,5.21,clear sky
319,Ereymentau,KZ,51.6199,73.1033,26.15,91,100,10.83,overcast clouds
320,Saint-Augustin,CA,51.226,-58.6502,20.73,67,10,9.4,clear sky
321,Kochi,IN,9.9399,76.2602,76.98,88,95,5.03,overcast clouds
322,Whitehorse,CA,60.7161,-135.0538,-8.63,76,20,13.0,few clouds
323,Katherine,AU,-14.4667,132.2667,84.52,65,40,8.05,scattered clouds
324,Sernur,RU,56.9333,49.1536,7.36,82,8,6.24,clear sky
325,Daura,NG,11.5538,11.4085,70.63,18,5,9.31,clear sky
326,Aklavik,CA,68.2191,-135.0107,-4.97,89,18,9.19,few clouds
327,Faanui,PF,-16.4833,-151.75,81.34,67,6,13.82,clear sky
328,Airai,TL,-8.9266,125.4092,71.42,71,97,1.7,overcast clouds
329,Namibe,AO,-15.1961,12.1522,71.71,64,12,3.96,few clouds
330,Ulety,RU,51.3572,112.4849,17.49,81,99,5.7,overcast clouds
331,Hambantota,LK,6.1241,81.1185,73.74,100,40,2.3,scattered clouds
332,Mayo,US,38.8876,-76.5119,51.13,72,90,0.0,overcast clouds
333,Pasaje,EC,-3.3333,-79.8167,73.47,86,100,2.28,overcast clouds
334,Marsh Harbour,BS,26.5412,-77.0636,77.25,75,22,15.59,few clouds
335,Conceicao Das Alagoas,BR,-19.9147,-48.3883,73.18,83,99,4.03,overcast clouds
336,Methoni,GR,36.8197,21.7049,59.22,65,86,18.81,overcast clouds
337,Yichang,CN,30.7144,111.2847,54.75,54,0,1.66,clear sky
338,Okhotsk,RU,59.3833,143.3,-8.48,88,18,13.0,few clouds
339,Broome,US,42.2506,-75.833,42.82,55,90,4.0,overcast clouds
340,Colares,PT,38.7992,-9.4469,56.34,67,5,1.01,clear sky
341,Awbari,LY,26.5921,12.7805,49.21,27,0,7.18,clear sky
342,Minot,US,48.2325,-101.2963,18.59,79,90,26.46,light snow
343,Bentong,MY,3.5181,101.9079,77.45,92,100,1.77,overcast clouds
344,Gat,IL,31.61,34.7642,61.39,52,36,6.98,scattered clouds
345,Taoudenni,ML,22.6783,-3.9836,59.99,24,100,10.2,overcast clouds
346,Gamba,GA,-2.65,10.0,77.11,90,100,5.19,moderate rain
347,Fillan,NO,63.6064,8.9696,21.38,74,23,11.74,few clouds
348,Luz,BR,-19.8014,-45.6856,69.49,82,9,2.93,clear sky
349,Fukue,JP,32.6881,128.8419,53.96,87,75,2.3,broken clouds
350,Sarangani,PH,5.4033,125.4636,82.51,75,100,9.37,light rain
351,Balyaga,RU,51.1507,108.921,3.49,99,77,1.52,broken clouds
352,Bundaberg,AU,-24.85,152.35,79.09,65,75,13.8,broken clouds
353,Presidencia Roque Saenz Pena,AR,-26.7852,-60.4388,76.5,52,0,5.57,clear sky
354,Belaya Gora,RU,68.5333,146.4167,-26.34,93,100,1.97,overcast clouds
355,Sinop,TR,41.7711,34.8709,47.55,77,36,11.92,scattered clouds
356,Klaksvik,FO,62.2266,-6.589,38.32,65,100,21.63,overcast clouds
357,Aykhal,RU,66.0,111.5,-33.05,100,73,7.34,broken clouds
358,Lasa,IT,46.6166,10.7002,25.68,92,91,5.88,overcast clouds
359,Yaan,NG,7.3833,8.5667,77.54,34,100,0.78,overcast clouds
360,Washington,US,47.5001,-120.5015,36.09,65,100,1.34,overcast clouds
361,Ongandjera,NA,-17.8833,15.0667,73.36,25,0,8.59,clear sky
362,Namatanai,PG,-3.6667,152.4333,85.21,68,84,2.35,broken clouds
363,Santa Maria,BR,-29.6842,-53.8069,74.5,73,20,11.5,few clouds
364,Mizdah,LY,31.4451,12.9801,44.65,42,0,11.41,clear sky
365,Lauterbach,DE,50.6333,9.4,36.01,95,27,1.36,scattered clouds
366,Nome,US,64.5011,-165.4064,31.15,93,90,28.77,snow
367,Anito,PH,12.4497,125.2886,78.71,84,83,12.53,broken clouds
368,Tefe,BR,-3.3542,-64.7114,74.52,96,68,1.99,moderate rain
369,Berbera,SO,10.4396,45.0143,75.45,69,22,4.79,few clouds
370,Alappuzha,IN,9.49,76.3264,77.47,85,95,5.97,overcast clouds
371,Tuatapere,NZ,-46.1333,167.6833,56.82,49,70,8.75,broken clouds
372,Ponta Do Sol,PT,32.6667,-17.1,65.03,66,6,9.53,clear sky
373,Sao Felix Do Xingu,BR,-6.6447,-51.995,71.38,94,100,1.39,overcast clouds
374,Maragogi,BR,-9.0122,-35.2225,77.68,84,22,10.31,few clouds
375,Chimbote,PE,-9.0853,-78.5783,66.02,86,100,7.16,overcast clouds
376,Bubaque,GW,11.2833,-15.8333,81.34,67,84,10.89,broken clouds
377,Soe,ID,-9.8607,124.284,78.53,65,100,2.77,overcast clouds
378,Afikpo,NG,5.8931,7.9374,77.65,84,93,4.79,overcast clouds
379,East London,ZA,-33.0153,27.9116,68.34,90,100,2.57,overcast clouds
380,Zhanakorgan,KZ,43.9098,67.2495,40.84,62,100,7.63,light rain
381,Hirara,JP,24.8,125.2833,71.87,60,20,11.5,few clouds
382,Tura,IN,25.5198,90.2201,65.39,85,100,3.2,overcast clouds
383,Catuday,PH,16.2923,119.8062,75.85,69,100,8.99,overcast clouds
384,Brae,GB,60.3964,-1.353,42.71,64,77,9.95,broken clouds
385,San Patricio,US,28.017,-97.5169,76.98,87,100,13.6,overcast clouds
386,Surt,LY,31.2089,16.5887,55.65,36,0,18.19,clear sky
387,Tarakan,ID,3.3,117.6333,74.7,100,75,2.3,heavy intensity rain
388,Campana,AR,-34.1687,-58.9591,70.09,93,3,6.22,clear sky
389,Pitkyaranta,RU,61.5734,31.4792,12.4,94,97,6.44,light snow
390,Dobresti,RO,46.85,22.3,39.58,92,100,3.11,overcast clouds
391,Dongsheng,CN,39.8161,109.9776,22.84,47,0,6.29,clear sky
392,Jawhar,SO,2.7809,45.5005,72.55,85,25,6.69,scattered clouds
393,Ilulissat,GL,69.2167,-51.1,23.43,67,100,15.03,overcast clouds
394,Svarstad,NO,59.399,9.9698,19.09,48,100,3.89,overcast clouds
395,Oktyabrskoye,RU,43.0645,44.7417,23.14,93,8,4.47,clear sky
396,Vardo,NO,70.3705,31.1107,22.6,80,61,20.51,broken clouds
397,Ancud,CL,-41.8697,-73.8203,67.53,78,0,3.69,clear sky
398,Panama City,PA,8.9936,-79.5197,83.05,84,40,0.0,scattered clouds
399,Belluru,IN,12.9911,76.7444,69.93,77,99,4.92,overcast clouds
400,Mariinsk,RU,56.2139,87.7472,30.24,88,99,16.17,overcast clouds
401,Belmonte,BR,-15.8631,-38.8828,75.7,85,0,4.38,clear sky
402,Kohtla-Nomme,EE,59.3517,27.175,4.68,89,38,9.15,scattered clouds
403,Dunedin,NZ,-45.8742,170.5036,54.81,66,94,3.0,overcast clouds
404,Padang,ID,-0.9492,100.3543,75.25,77,92,2.1,overcast clouds
405,Kaohsiung,TW,22.6163,120.3133,67.95,75,20,4.0,few clouds
406,Alta Floresta,BR,-9.8756,-56.0861,72.82,96,100,1.77,overcast clouds
407,Avera,US,33.194,-82.5271,60.75,75,34,6.15,scattered clouds
408,Siderno,IT,38.2779,16.302,57.83,84,82,4.36,broken clouds
409,Yulara,AU,-25.2406,130.9889,78.64,44,0,14.97,clear sky
410,Sao Sebastiao Do Paraiso,BR,-20.9169,-46.9914,66.88,86,85,2.01,overcast clouds
411,Mormugao,IN,15.4,73.8,72.07,81,68,5.17,broken clouds
412,Fairbanks,US,64.8378,-147.7164,11.3,80,90,0.0,overcast clouds
413,Lubango,AO,-14.9172,13.4925,60.87,79,21,2.19,few clouds
414,Mar Del Plata,AR,-38.0023,-57.5575,63.88,80,0,15.99,clear sky
415,Wilmington,US,34.2257,-77.9447,62.51,89,90,3.44,overcast clouds
416,San Juan,AR,-31.5375,-68.5364,78.58,39,61,12.08,broken clouds
417,Nha Trang,VN,12.25,109.1833,77.0,86,99,8.79,overcast clouds
418,Biankouma,CI,7.7391,-7.6138,71.78,47,7,2.86,clear sky
419,Cologne,DE,50.9333,6.95,40.96,89,20,1.14,few clouds
420,Cascavel,BR,-24.9558,-53.4553,71.91,58,79,2.98,broken clouds
421,Bisira,PA,8.5196,-81.7115,60.31,95,98,5.88,overcast clouds
422,Tomatlan,MX,19.9333,-105.25,73.89,92,58,1.97,broken clouds
423,Floro,NO,61.5996,5.0328,34.97,80,90,20.71,light snow
424,Rexburg,US,43.826,-111.7897,42.31,36,1,6.91,clear sky
425,Vila Franca Do Campo,PT,37.7167,-25.4333,63.19,84,30,2.86,scattered clouds
426,Souillac,MU,-20.5167,57.5167,77.38,78,40,6.91,scattered clouds
427,Maraba,BR,-5.3686,-49.1178,74.07,94,100,1.72,overcast clouds
428,Krasnozerskoye,RU,53.9828,79.2374,19.44,90,71,7.38,broken clouds
429,Tula De Allende,MX,20.05,-99.35,60.89,45,64,3.11,broken clouds
430,Oussouye,SN,12.485,-16.5469,73.49,60,53,4.05,broken clouds
431,Komsomolskiy,UZ,40.4272,71.7189,36.82,86,31,4.61,mist
432,Leh,IN,34.1667,77.5833,17.94,89,80,4.34,broken clouds
433,Asau,RO,46.4333,26.4,32.95,84,99,2.75,overcast clouds
434,Milton,US,34.1322,-84.3007,60.78,89,72,1.99,broken clouds
435,Orcopampa,PE,-15.2661,-72.3417,44.04,98,100,2.86,overcast clouds
436,Palmer,US,42.1584,-72.3287,38.46,69,75,5.75,broken clouds
437,Itatskiy,RU,56.07,89.0369,29.57,86,100,14.07,overcast clouds
438,Huangzhai,CN,38.0751,112.6595,25.21,37,0,6.42,clear sky
439,Nagato,JP,34.3833,131.2,49.19,68,7,4.47,clear sky
440,Breves,BR,-1.6822,-50.4803,75.33,93,100,3.09,light rain
441,Vao,NC,-22.6667,167.4833,75.97,81,100,13.02,light rain
442,Oschersleben,DE,52.0333,11.25,36.03,94,100,6.78,overcast clouds
443,Boa Vista,BR,2.8197,-60.6733,84.18,65,75,12.66,broken clouds
444,Emba,KZ,48.8264,58.1442,28.18,82,100,7.05,overcast clouds
445,Odoyev,RU,53.9393,36.6864,22.62,93,100,4.36,overcast clouds
446,Linguere,SN,15.3953,-15.1193,77.22,27,0,6.91,clear sky
447,Iskateley,RU,67.6803,53.1512,19.08,87,100,18.39,overcast clouds
448,Kyenjojo,UG,0.6328,30.6214,60.13,95,99,1.05,overcast clouds
449,Tete,MZ,-16.1564,33.5867,78.96,52,44,4.7,scattered clouds
450,Satwas,IN,22.5333,76.6833,63.84,54,2,5.84,clear sky
451,Iranshahr,IR,27.2025,60.6848,53.94,37,0,6.91,clear sky
452,Kholodnyy,RU,62.7167,147.95,-42.5,98,89,1.43,overcast clouds
453,Port-Gentil,GA,-0.7193,8.7815,79.56,85,100,13.58,light rain
454,Bielsko-Biala,PL,49.8224,19.0469,36.14,99,100,1.79,light snow
455,Bayan,CN,46.0833,127.4,19.22,89,14,6.87,few clouds
456,Sorong,ID,-0.8833,131.25,82.96,79,100,5.93,overcast clouds
457,Nelson Bay,AU,-32.7167,152.15,71.78,64,100,9.26,overcast clouds
458,Bolobo,CD,-2.1667,16.2333,72.52,96,100,2.15,overcast clouds
459,Vicente Guerrero,MX,19.1194,-98.1708,56.91,49,77,5.06,broken clouds
460,Roald,NO,62.5833,6.1333,37.33,69,90,16.11,overcast clouds
461,Abapo,BO,-18.8333,-63.4667,64.42,93,99,3.49,overcast clouds
462,Bichura,RU,50.5881,107.6022,12.09,86,19,2.98,few clouds
463,Pakxan,LA,18.3778,103.6601,61.83,58,67,3.71,broken clouds
464,Pangody,RU,65.85,74.4859,-26.63,100,9,8.12,clear sky
465,Springbok,ZA,-29.6643,17.8865,50.52,96,32,2.51,scattered clouds
466,Batagay-Alyta,RU,67.8006,130.4114,-20.43,98,100,2.73,overcast clouds
467,Vire,FR,48.9167,-0.8333,43.99,85,100,9.93,overcast clouds
468,Jalu,LY,29.0331,21.5482,55.4,63,2,6.96,clear sky
469,Alofi,NU,-19.0595,-169.9187,82.29,69,100,18.41,light rain
470,Piacabucu,BR,-10.4056,-36.4344,77.14,86,37,10.18,light rain
471,Inverness,GB,57.4791,-4.224,36.21,75,100,0.0,overcast clouds
472,Udachnyy,RU,66.4167,112.4,-34.17,99,61,5.73,broken clouds
473,Alexandria,EG,31.2156,29.9553,64.36,68,40,0.0,scattered clouds
474,Olavarria,AR,-36.8927,-60.3225,60.75,74,25,4.74,scattered clouds
475,Thohoyandou,ZA,-22.9456,30.485,70.09,73,100,5.59,overcast clouds
476,Pudozh,RU,61.8099,36.5345,4.91,97,74,4.18,broken clouds
477,Mananjary,MG,-21.2167,48.3333,74.55,90,6,5.97,clear sky
478,Rokupr,SL,8.6717,-12.395,75.67,87,50,1.3,scattered clouds
479,Umm Lajj,SA,25.0213,37.2685,72.37,59,99,11.86,overcast clouds
480,Burns Lake,CA,54.2331,-125.7533,11.62,66,100,1.48,overcast clouds
481,Tupik,RU,54.4253,119.9327,2.93,81,53,4.97,broken clouds
482,Whyalla,AU,-33.0333,137.5833,69.69,64,90,8.05,overcast clouds
483,The Pas,CA,53.8251,-101.2541,-9.38,70,1,10.36,clear sky
484,Aranda De Duero,ES,41.6704,-3.6892,36.59,90,66,7.29,broken clouds
485,Tiruchchendur,IN,8.4833,78.1167,80.38,76,100,4.83,overcast clouds
486,Saint George,US,37.1041,-113.5841,61.27,31,1,1.01,clear sky
487,Saint-Francois,FR,46.4154,3.9054,37.47,96,90,3.44,light rain
488,Pinawa,CA,50.1489,-95.8811,11.17,90,100,13.06,light snow
489,Sao Jose Do Campestre,BR,-6.3156,-35.7139,81.16,83,76,7.78,broken clouds
490,Lethem,GY,3.3803,-59.7968,79.68,73,100,12.28,overcast clouds
491,Ilhabela,BR,-23.7781,-45.3581,72.81,92,79,4.85,broken clouds
492,Gonen,TR,40.1049,27.654,58.01,51,49,3.0,scattered clouds
493,Katsuura,JP,35.1333,140.3,52.2,71,100,9.8,overcast clouds
494,Tabas,IR,33.5959,56.9244,48.83,37,81,0.87,broken clouds
495,Rawson,AR,-43.3002,-65.1023,62.73,66,4,12.35,clear sky
496,Bonfim,BR,3.0833,-59.95,79.16,74,100,9.22,moderate rain
497,Gallup,US,35.5281,-108.7426,56.16,32,1,1.01,clear sky
498,Manggar,ID,-2.8833,108.2667,78.42,89,100,8.55,moderate rain
499,Inuvik,CA,68.3499,-133.7218,-1.19,81,20,8.05,few clouds
500,Mugur-Aksy,RU,50.35,90.5,14.13,51,100,5.32,overcast clouds
501,Dingle,PH,10.9995,122.6711,79.43,76,48,12.41,scattered clouds
502,Noyabrsk,RU,63.1994,75.4507,-13.9,94,94,8.55,overcast clouds
503,Likasi,CD,-10.9814,26.7333,64.27,79,82,3.44,light rain
504,Mantua,IT,45.1667,10.7833,45.34,90,58,1.45,broken clouds
505,Wasaga Beach,CA,44.5168,-80.0164,31.89,94,100,1.01,snow
506,Filingue,NE,14.3521,3.3168,74.37,16,2,8.01,clear sky
507,Kuruman,ZA,-27.4524,23.4325,54.99,43,0,3.04,clear sky
508,Killarney,IE,52.05,-9.5167,46.69,98,100,4.52,overcast clouds
509,Thaton,MM,16.9206,97.3714,67.21,75,32,4.14,scattered clouds
510,Erzin,TR,36.9559,36.2,46.92,46,0,4.27,clear sky
511,Kharp,RU,66.8014,65.8081,-6.7,97,98,5.99,overcast clouds
512,Ajdabiya,LY,30.7554,20.2263,55.56,47,0,9.35,clear sky
513,Shache,CN,38.4167,77.2406,30.0,33,100,2.84,overcast clouds
514,Ouadda,CF,8.0777,22.4007,73.17,28,100,3.71,overcast clouds
515,Taldan,RU,53.6667,124.8,9.39,87,100,6.51,overcast clouds
516,Enshi,CN,30.3,109.4833,50.41,76,0,0.4,clear sky
517,Gomel,BY,52.4345,30.9754,26.58,93,90,13.42,overcast clouds
518,Guiglo,CI,6.5456,-7.4966,74.3,89,7,2.13,light rain
519,Misratah,LY,32.3754,15.0925,56.59,37,0,14.85,clear sky
520,Sabha,LY,27.0377,14.4283,49.28,33,4,7.47,clear sky
521,Langsa,ID,4.4683,97.9683,76.53,88,48,0.83,scattered clouds
522,Lumajang,ID,-8.1335,113.2248,75.61,95,100,2.86,overcast clouds
523,Vung Tau,VN,10.346,107.0843,76.48,79,100,2.8,overcast clouds
524,Brighton,GB,50.8284,-0.1395,42.31,87,72,10.0,broken clouds
525,Zyryanskoye,RU,56.8306,86.6258,30.36,91,100,17.56,overcast clouds
526,Aberdeen,GB,57.1437,-2.0981,34.21,93,40,1.14,scattered clouds
527,Canmore,CA,51.0834,-115.3521,8.08,85,81,1.14,broken clouds
528,Hue,VN,16.4667,107.6,68.11,73,75,4.61,broken clouds
529,Arklow,IE,52.7931,-6.1414,43.99,80,100,14.85,overcast clouds
530,Antalaha,MG,-14.9003,50.2788,73.47,87,15,5.77,light rain
531,Yerbogachen,RU,61.2767,108.0108,-26.45,100,72,2.3,broken clouds
532,Takoradi,GH,4.8845,-1.7554,80.28,83,61,7.72,broken clouds
533,Bedesa,ET,8.9,40.7833,56.68,40,1,1.72,clear sky
534,Natal,BR,-5.795,-35.2094,82.62,78,40,12.66,scattered clouds
535,Mana,GF,5.6592,-53.7767,77.05,90,100,7.85,overcast clouds
536,Codrington,AU,-38.2667,141.9667,77.23,32,100,11.3,overcast clouds
537,Kenora,CA,49.8167,-94.4337,22.98,86,90,8.05,light snow
538,Puerto Escondido,MX,15.85,-97.0667,83.23,65,20,5.75,few clouds
539,Kyra,RU,49.5776,111.9753,10.08,89,67,3.8,broken clouds
540,Skibbereen,IE,51.55,-9.2667,46.2,98,100,17.02,overcast clouds
541,Kraslava,LV,55.8951,27.168,14.13,94,100,6.64,overcast clouds
542,Zharkent,KZ,44.1628,80.0,35.71,61,93,4.99,overcast clouds
543,Iracoubo,GF,5.4802,-53.2011,76.87,89,100,5.84,overcast clouds
544,Northam,GB,51.0333,-4.2167,40.08,75,100,3.94,overcast clouds
545,Shingu,JP,33.7333,135.9833,58.19,82,100,1.81,overcast clouds
546,Dabat,ET,12.9842,37.765,52.09,32,0,4.99,clear sky
547,Atherton,GB,53.5237,-2.4935,39.9,88,100,1.01,overcast clouds
548,Mogadishu,SO,2.0371,45.3438,78.6,76,16,13.29,few clouds
549,Chapais,CA,49.7834,-74.8492,-0.62,96,100,3.74,overcast clouds
550,Lincoln,US,40.8,-96.667,47.64,36,98,5.99,overcast clouds
551,Verkhnevilyuysk,RU,63.4453,120.3167,-30.6,95,86,5.21,overcast clouds
552,Oga,IT,46.4631,10.347,17.8,98,87,4.7,overcast clouds
553,Kavaratti,IN,10.5669,72.642,80.71,70,94,12.73,overcast clouds
554,Erenhot,CN,43.6475,111.9767,21.92,82,5,4.36,clear sky
555,Dekalb,US,33.7504,-84.2333,60.33,82,50,3.85,scattered clouds
556,Nuevitas,CU,21.5453,-77.2644,76.62,87,90,11.34,overcast clouds
557,Mancio Lima,BR,-7.6142,-72.8958,72.18,99,100,0.92,overcast clouds
558,Reichenau,PL,50.9075,14.9563,37.56,93,100,3.0,light snow
559,Cabedelo,BR,-6.9811,-34.8339,81.27,77,78,16.71,broken clouds
560,Kodinsk,RU,58.6881,99.1844,22.77,97,100,1.92,light snow
561,Mnogovershinnyy,RU,53.9353,139.9242,8.53,88,99,3.49,overcast clouds
562,Mackay,AU,-21.15,149.2,88.68,65,40,13.8,scattered clouds
563,Maryborough,AU,-25.5333,152.7,76.1,56,79,9.64,light rain
564,Nisia Floresta,BR,-6.0911,-35.2086,82.78,79,49,11.01,scattered clouds
565,Soverato,IT,38.685,16.5499,51.75,86,90,5.08,overcast clouds
566,Gigmoto,PH,13.7796,124.39,79.23,77,85,13.78,overcast clouds
567,Waingapu,ID,-9.6567,120.2641,83.98,68,99,4.29,light rain
568,Tchollire,CM,8.4022,14.1698,74.41,33,87,2.06,overcast clouds
569,Westport,US,41.1415,-73.3579,46.74,64,100,1.01,overcast clouds
570,Puri,IN,19.8,85.85,72.37,90,100,9.55,overcast clouds
571,Buala,SB,-8.145,159.5921,78.84,88,100,19.22,light rain
572,Necochea,AR,-38.5473,-58.7368,59.04,85,0,8.52,clear sky
573,Temirtau,KZ,50.0544,72.9483,30.45,95,100,8.01,overcast clouds
574,San Miguel,SV,13.4833,-88.1833,79.68,57,12,1.54,few clouds
575,Ryotsu,JP,38.0833,138.4333,39.16,68,100,2.42,overcast clouds
576,Veracruz,MX,19.3333,-96.6667,71.87,92,13,0.38,few clouds
577,Irituia,BR,-1.7711,-47.4381,76.5,89,100,2.98,overcast clouds
578,Filadelfia,US,39.9523,-75.1638,46.51,69,75,1.99,broken clouds
579,Ciudad Bolivar,VE,8.1222,-63.5497,79.48,70,21,13.38,few clouds
580,Nizhniy Kuranakh,RU,58.8353,125.4869,-0.11,89,100,7.09,overcast clouds
581,Menongue,AO,-14.6585,17.691,62.37,94,100,3.98,overcast clouds
582,Conde,BR,-7.2597,-34.9075,80.06,83,40,10.36,scattered clouds
583,Yumen,CN,40.2833,97.2,22.62,55,11,1.86,few clouds
584,Caceres,ES,39.522,-6.3748,41.76,91,7,7.02,clear sky
585,Saiha,IN,22.4833,92.9667,65.32,99,100,1.9,overcast clouds
586,Lafiagi,NG,8.8667,5.4167,78.1,29,99,3.27,overcast clouds
587,Eskil,TR,38.4017,33.4131,44.22,65,0,11.97,clear sky
588,Wajir,KE,1.7471,40.0573,76.64,76,14,10.92,few clouds
589,Impfondo,CG,1.6381,18.0667,71.69,92,100,1.66,overcast clouds
590,Matamba,TZ,-8.9833,33.9667,55.44,85,100,4.03,overcast clouds
591,Meridian,US,43.6121,-116.3915,43.92,55,1,1.01,clear sky
592,Vagur,FO,61.4732,-6.8119,42.49,66,100,26.19,overcast clouds
593,Araguaina,BR,-7.1911,-48.2072,74.61,89,83,3.42,broken clouds
594,Suileng,CN,47.25,127.0833,12.09,91,5,5.41,clear sky
595,Hoquiam,US,46.9809,-123.8893,42.01,95,95,3.33,overcast clouds
596,Urumqi,CN,43.801,87.6005,20.35,74,77,4.47,smoke
597,Bud,US,39.447,-86.1758,61.9,91,84,22.93,broken clouds
598,Taltal,CL,-25.4,-70.4833,62.53,79,71,1.74,broken clouds
599,Kandrian,PG,-6.2167,149.55,86.45,65,99,7.11,overcast clouds
600,Valley City,US,46.9233,-98.0032,21.72,100,90,35.68,light snow
601,Mill Valley,US,37.906,-122.545,59.61,82,11,4.18,few clouds
602,Belgrade,RS,44.804,20.4651,39.38,98,75,1.01,light rain
603,Wolmirstedt,DE,52.25,11.6333,34.79,93,100,6.73,overcast clouds
604,Salinopolis,BR,-0.6136,-47.3561,79.74,85,18,10.94,few clouds
605,Kropotkin,RU,45.4375,40.5756,43.54,90,100,1.81,overcast clouds
606,Dumabato,PH,16.3167,121.7,68.54,94,95,3.49,overcast clouds
607,San Andres,CO,12.5847,-81.7006,84.22,74,40,12.66,scattered clouds
608,Balabac,PH,7.9868,117.0645,83.1,73,97,16.89,overcast clouds
609,Severnyy,RU,50.677,36.5532,24.84,93,75,4.47,broken clouds
610,Raudeberg,NO,61.9875,5.1352,36.19,81,100,5.99,overcast clouds
611,Salisbury,GB,51.0693,-1.7957,38.48,92,100,4.65,overcast clouds
612,Bay Roberts,CA,47.5999,-53.2648,33.66,90,100,3.0,light snow
613,Altamira,BR,-3.2033,-52.2064,73.53,96,94,1.63,light rain
614,Taos,US,36.4072,-105.5731,44.2,47,99,3.91,overcast clouds
615,Ambatofinandrahana,MG,-20.55,46.8,60.22,86,0,3.87,clear sky
616,Bognor Regis,GB,50.7821,-0.6798,42.49,93,79,13.71,broken clouds
617,Galle,LK,6.0367,80.217,77.02,85,39,2.8,scattered clouds
618,Touros,BR,-5.1989,-35.4608,81.5,78,38,15.19,scattered clouds
619,Palma Di Montechiaro,IT,37.1926,13.765,48.97,80,100,15.68,overcast clouds
620,Blagoyevo,RU,63.3667,47.9167,-0.8,99,36,3.62,scattered clouds
621,Trairi,BR,-3.2778,-39.2689,81.37,79,84,13.0,broken clouds
622,Petukhovo,RU,55.0692,67.9019,28.17,97,100,5.55,overcast clouds
623,Sechura,PE,-5.5569,-80.8222,68.22,77,100,13.8,overcast clouds
624,Shaunavon,CA,49.6501,-108.4181,-2.42,94,100,13.22,overcast clouds
625,Arlit,NE,18.7369,7.3853,67.44,18,96,5.17,overcast clouds
626,Yurkivka,UA,49.0126,31.1013,35.08,92,100,11.41,light rain
627,Grants Pass,US,42.439,-123.3284,47.91,92,90,0.0,mist
628,Payo,ID,-3.7508,103.6372,77.29,85,97,3.0,overcast clouds
629,Natagaima,CO,3.6206,-75.0941,77.32,79,87,2.8,overcast clouds
630,Nuuk,GL,64.1835,-51.7216,23.18,84,100,23.96,light snow
631,Pedernales,DO,18.0384,-71.744,78.87,69,100,4.45,overcast clouds
632,Nur,PL,52.6683,22.3221,31.78,96,95,7.81,overcast clouds
633,Chumikan,RU,54.7183,135.315,13.77,83,87,19.13,overcast clouds
634,Ejea De Los Caballeros,ES,42.1263,-1.1372,43.02,81,70,16.8,broken clouds
635,El Alto,PE,-4.2714,-81.2147,65.35,83,100,19.08,overcast clouds
636,Aranos,NA,-24.1333,19.1167,65.68,27,0,7.72,clear sky
637,Riviere-Au-Renard,CA,48.9957,-64.3971,15.8,60,59,16.02,broken clouds
638,Acapulco,MX,16.8634,-99.8901,78.91,81,2,6.38,clear sky
639,Mitsamiouli,KM,-11.3847,43.2844,80.65,77,11,12.64,few clouds
640,Lingyuan,CN,41.24,119.4011,34.3,42,0,15.14,clear sky
641,Vuktyl,RU,63.8567,57.3094,-10.82,89,61,0.18,broken clouds
642,Riyadh,SA,24.6877,46.7219,53.74,34,2,4.07,clear sky
643,Villa Maria,AR,-32.4075,-63.2402,65.55,78,12,7.02,few clouds
644,Camarillo,US,34.2164,-119.0376,69.03,79,0,1.45,clear sky
645,Bandundu,CD,-3.3167,17.3667,72.45,95,100,1.43,overcast clouds
646,Doha,QA,25.2867,51.5333,64.38,72,0,3.44,clear sky
647,Morrope,PE,-6.5417,-80.0111,70.79,77,100,13.69,overcast clouds
648,Denpasar,ID,-8.65,115.2167,78.46,94,75,18.41,moderate rain
649,Mangai,CD,-4.05,19.5333,68.94,99,100,1.25,overcast clouds
650,Chama,CH,47.1821,8.4636,35.85,92,97,3.74,overcast clouds
651,Nichinan,JP,31.6,131.3667,49.68,66,72,6.78,broken clouds
652,Harindanga,IN,22.0383,88.3214,71.58,97,99,13.38,light rain
653,Roswell,US,34.0232,-84.3616,59.97,87,65,1.99,broken clouds
654,Coahuayana,MX,18.7333,-103.6833,75.7,89,100,2.06,overcast clouds
655,Farah,AF,32.5,62.5,43.77,53,7,3.15,clear sky
656,Baltasi,RU,56.3462,50.2062,12.49,80,15,6.71,few clouds
657,Coruripe,BR,-10.1256,-36.1756,76.91,86,24,10.6,few clouds
658,Coolum Beach,AU,-26.5333,153.1,80.11,72,50,9.82,scattered clouds
659,Aasiaat,GL,68.7098,-52.8699,26.15,80,100,19.91,snow
660,Berdigestyakh,RU,62.0989,126.6992,-13.86,93,100,6.53,overcast clouds
661,Hays,US,30.0502,-98.0336,72.91,83,100,7.81,overcast clouds
662,Yangambi,CD,0.8102,24.4336,70.54,95,100,2.21,overcast clouds
663,Cardston,CA,49.2,-113.3019,7.05,78,86,3.44,overcast clouds
664,Nawada,IN,24.8833,85.5333,64.69,69,12,1.63,few clouds
665,Takaka,NZ,-40.85,172.8,59.97,96,100,4.34,overcast clouds
666,Zhigansk,RU,66.7697,123.3711,-27.35,97,100,7.43,overcast clouds
667,Khandbari,NP,27.3747,87.2039,56.86,67,3,4.14,clear sky
668,Nanakuli,US,21.3906,-158.1547,75.04,77,100,12.93,light rain
669,Dudinka,RU,69.4058,86.1778,-16.38,98,100,20.98,light snow
670,Tevaitoa,PF,-16.7833,-151.5,81.18,68,9,13.96,clear sky
671,Isperih,BG,43.7167,26.8333,39.0,92,100,7.67,overcast clouds
672,Bhiwani,IN,28.7833,76.1333,63.21,67,54,2.35,broken clouds
673,Ouesso,CG,1.6136,16.0517,72.05,92,100,1.34,overcast clouds
674,Hami,CN,42.8,93.45,28.47,53,81,2.8,broken clouds
675,Shimoda,JP,34.6667,138.95,55.51,81,100,16.58,overcast clouds
676,Shinpokh,PK,34.3292,71.1782,49.41,72,16,3.56,few clouds
677,Roi Et,TH,15.75,103.75,62.65,49,97,12.68,overcast clouds
678,Jaslo,PL,49.7451,21.4725,35.01,99,100,0.34,light snow
679,San Ramon,US,37.7799,-121.978,59.31,79,10,1.99,clear sky
680,Tulum,MX,20.2167,-87.4667,76.98,92,15,5.88,few clouds
681,Islamkot,PK,24.6997,70.177,65.79,29,0,9.91,clear sky
682,Bukama,CD,-9.2,25.85,68.25,96,94,2.26,overcast clouds
683,Mpanda,TZ,-6.3655,31.0409,66.0,92,100,0.54,overcast clouds
684,Pierre,US,44.3683,-100.351,30.85,62,90,3.0,light snow
685,Mattru,SL,7.6244,-11.8332,75.31,91,10,1.16,clear sky
686,Santa Marta,CO,11.2408,-74.199,84.25,65,17,5.75,few clouds
687,Dakar,SN,14.6937,-17.4441,73.53,94,100,6.91,overcast clouds
688,Khamanon,IN,30.8186,76.3508,56.25,77,32,6.22,scattered clouds
689,Horconcitos,PA,8.4682,-81.8007,68.13,92,78,5.64,broken clouds
690,Mandalgovi,MN,45.7625,106.2708,18.1,46,0,9.75,clear sky
691,Nishihara,JP,26.1842,127.7558,72.68,53,20,14.97,few clouds
692,Muhos,FI,64.808,25.9931,4.89,98,57,2.86,broken clouds
693,Korla,CN,41.7597,86.1469,29.08,58,100,1.68,overcast clouds
694,Carroll,US,39.5501,-77.0164,47.44,58,1,3.0,clear sky
695,Madaoua,NE,14.073,5.96,68.29,16,0,9.71,clear sky
